{
	"credit": "Made with Blockbench",
	"textures": {
		"1": "item/flintlock_firework",
		"particle": "item/flintlock_firework"
	},
	"elements": [
		{
			"from": [7.5, 6, -1],
			"to": [8.5, 7, 0],
			"rotation": {"angle": -45, "axis": "z", "origin": [8, 6.5, -6.6]},
			"faces": {
				"north": {"uv": [0, 0, 1, 1], "texture": "#missing"},
				"east": {"uv": [1.5, 14.5, 2, 15], "texture": "#1"},
				"south": {"uv": [0, 0, 1, 1], "texture": "#missing"},
				"west": {"uv": [1.5, 14.5, 2, 15], "texture": "#1"},
				"up": {"uv": [1.5, 14.5, 2, 15], "texture": "#1"},
				"down": {"uv": [1.5, 14.5, 2, 15], "texture": "#1"}
			}
		},
		{
			"from": [7.5, 6, -9],
			"to": [8.5, 7, -8],
			"rotation": {"angle": -45, "axis": "z", "origin": [8, 6.5, -14.6]},
			"faces": {
				"north": {"uv": [14.5, 4, 15, 4.5], "texture": "#1"},
				"east": {"uv": [14.5, 3.5, 15, 4], "texture": "#1"},
				"south": {"uv": [0, 0, 1, 1], "texture": "#missing"},
				"west": {"uv": [14.5, 3.5, 15, 4], "texture": "#1"},
				"up": {"uv": [15, 3, 15.5, 3.5], "texture": "#1"},
				"down": {"uv": [15, 4, 15.5, 4.5], "texture": "#1"}
			}
		},
		{
			"from": [7, 5.5, -8.5],
			"to": [9, 7.5, -6.5],
			"rotation": {"angle": -45, "axis": "z", "origin": [8, 6.5, -5.6]},
			"faces": {
				"north": {"uv": [15.5, 3.5, 14.5, 4.5], "texture": "#1"},
				"east": {"uv": [15.5, 3, 15, 4], "texture": "#1"},
				"south": {"uv": [14, 0.5, 15.5, 2], "texture": "#1"},
				"west": {"uv": [14.5, 3.5, 15, 4.5], "texture": "#1"},
				"up": {"uv": [14.5, 3, 15.5, 3.5], "texture": "#1"},
				"down": {"uv": [6, 3.5, 5, 3], "texture": "#1"}
			}
		},
		{
			"from": [6.5, 5, -8],
			"to": [9.5, 8, -1],
			"rotation": {"angle": -45, "axis": "z", "origin": [8, 6.5, -6.6]},
			"faces": {
				"north": {"uv": [15.5, 3, 14, 4.5], "texture": "#1"},
				"east": {"uv": [4.5, 2.5, 1, 4], "texture": "#1"},
				"south": {"uv": [14, 0.5, 15.5, 2], "texture": "#1"},
				"west": {"uv": [1, 0.5, 4.5, 2], "texture": "#1"},
				"up": {"uv": [0.5, 5, 2, 8.5], "texture": "#1"},
				"down": {"uv": [4, 8.5, 2.5, 5], "texture": "#1"}
			}
		},
		{
			"from": [6, 4.5, -7.5],
			"to": [10, 8.5, -6.5],
			"rotation": {"angle": -45, "axis": "z", "origin": [8, 6.5, -5.6]},
			"faces": {
				"north": {"uv": [15.5, 2.5, 13.5, 4.5], "texture": "#1"},
				"east": {"uv": [6.5, 0.5, 6, 2.5], "texture": "#1"},
				"south": {"uv": [13.5, 2.5, 15.5, 4.5], "texture": "#1"},
				"west": {"uv": [5, 0.5, 5.5, 2.5], "texture": "#1"},
				"up": {"uv": [5, 4, 7, 4.5], "texture": "#1"},
				"down": {"uv": [7, 3.5, 5, 3], "texture": "#1"}
			}
		}
	],
	"display": {
		"thirdperson_righthand": {
			"rotation": [15, 0, 0],
			"translation": [0, 3.25, -1.4],
			"scale": [0.73, 0.73, 0.73]
		},
		"thirdperson_lefthand": {
			"rotation": [15, 0, 0],
			"translation": [0, 3.25, -1.4],
			"scale": [0.73, 0.73, 0.73]
		},
		"firstperson_righthand": {
			"rotation": [2, 0, 0],
			"translation": [7, 4.5, -2],
			"scale": [0.8, 0.8, 0.75]
		},
		"firstperson_lefthand": {
			"rotation": [5, -10.2, 0],
			"translation": [1.6, 4, 1.5],
			"scale": [0.8, 0.8, 0.75]
		},
		"ground": {
			"rotation": [0, 0, 90],
			"translation": [-2, -1, 0],
			"scale": [0.6, 0.6, 0.6]
		},
		"gui": {
			"rotation": [30, 130, 0],
			"translation": [-0.25, 1, 0],
			"scale": [0.95, 0.95, 0.95]
		},
		"fixed": {
			"rotation": [0, -90, 0],
			"translation": [0, 2, -2],
			"scale": [1.2, 1.2, 1.2]
		}
	},
	"groups": [
		{
			"name": "rocket",
			"origin": [15, 14, 6],
			"children": [0, 1, 2, 3, 4]
		}
	]
}