{
	"credit": "Made with Blockbench",
	"textures": {
		"0": "item/flintlock",
		"particle": "item/flintlock"
	},
	"elements": [
		{
			"from": [2, 6, -6.7],
			"to": [6, 8, -2.7],
			"rotation": {"angle": -22.5, "axis": "y", "origin": [3.5, 8.5, -5]},
			"faces": {
				"north": {"uv": [3.5, 5, 5.5, 5.5], "texture": "#0"},
				"east": {"uv": [3.5, 5.5, 5.5, 6], "texture": "#0"},
				"south": {"uv": [3, 7.5, 5, 8], "texture": "#0"},
				"west": {"uv": [3, 6, 5, 6.5], "texture": "#0"},
				"up": {"uv": [3, 6, 5, 8], "texture": "#0"},
				"down": {"uv": [1, 6, 3, 8], "texture": "#0"}
			}
		},
		{
			"from": [6, 6, -5.7],
			"to": [8, 8, -3.7],
			"rotation": {"angle": -22.5, "axis": "y", "origin": [3.5, 8.5, -5]},
			"faces": {
				"north": {"uv": [2.5, 8, 3.5, 9], "texture": "#0"},
				"east": {"uv": [2.5, 5, 3.5, 6], "texture": "#0"},
				"south": {"uv": [0, 6.5, 1, 7.5], "texture": "#0"},
				"west": {"uv": [0, 0, 2, 2], "texture": "#missing"},
				"up": {"uv": [5, 6.5, 6, 7.5], "texture": "#0"},
				"down": {"uv": [5, 6.5, 6, 7.5], "texture": "#0"}
			}
		},
		{
			"from": [7.4, 6.5, -4],
			"to": [8.3, 7.5, -1],
			"rotation": {"angle": 22.5, "axis": "y", "origin": [8, 7, -2]},
			"faces": {
				"north": {"uv": [0, 0, 1, 1], "texture": "#missing"},
				"east": {"uv": [0.5, 5, 1.5, 6], "texture": "#0"},
				"south": {"uv": [0.5, 5, 1.5, 6], "texture": "#0"},
				"west": {"uv": [0.5, 5, 1.5, 6], "texture": "#0"},
				"up": {"uv": [0.5, 5, 1.5, 6], "texture": "#0"},
				"down": {"uv": [0.5, 5, 1.5, 6], "texture": "#0"}
			}
		}
	],
	"display": {
		"thirdperson_righthand": {
			"rotation": [13, 0, 0],
			"translation": [0, 2.75, -1.5],
			"scale": [0.6, 0.6, 0.6]
		},
		"thirdperson_lefthand": {
			"rotation": [13, 0, 0],
			"translation": [0, 3.5, -1.5],
			"scale": [0.6, 0.6, 0.6]
		},
		"firstperson_righthand": {
			"rotation": [64, 0, 0],
			"translation": [0.5, 4.5, 0],
			"scale": [0.8, 0.8, 0.7]
		},
		"firstperson_lefthand": {
			"rotation": [2, 0, 0],
			"translation": [0.5, 4.5, -2],
			"scale": [0.8, 0.8, 0.7]
		},
		"ground": {
			"rotation": [0, 0, 90],
			"translation": [-2, -3, 0],
			"scale": [0.6, 0.6, 0.6]
		},
		"gui": {
			"rotation": [90, 50, -90],
			"translation": [1, 2, 0],
			"scale": [0.7, 0.7, 0.7]
		},
		"fixed": {
			"rotation": [0, -90, 0],
			"translation": [0, 2, -2],
			"scale": [1.2, 1.2, 1.2]
		}
	}
}