{
	"credit": "Made with Blockbench",
	"ambientocclusion": false,
	"textures": {
		"0": "block/glowstone",
		"particle": "block/glowstone"
	},
	"elements": [
		{
			"from": [5.5, -11, 5.5],
			"to": [10.5, -3, 10.5],
			"rotation": {"angle": 0, "axis": "y", "origin": [8, 9, 8]},
			"faces": {
				"north": {"uv": [11, 1, 16, 9], "texture": "#0", "cullface": "down"},
				"east": {"uv": [5, 3, 10, 11], "texture": "#0", "cullface": "down"},
				"south": {"uv": [7, 1, 12, 9], "texture": "#0", "cullface": "down"},
				"west": {"uv": [8, 4, 13, 12], "texture": "#0", "cullface": "down"},
				"down": {"uv": [0, 0, 5, 5], "texture": "#0", "cullface": "down"}
			}
		},
		{
			"from": [6.5, 17, 7],
			"to": [9.5, 25, 10],
			"rotation": {"angle": -22.5, "axis": "x", "origin": [8, 9, 8]},
			"faces": {
				"north": {"uv": [13, 0, 16, 10], "texture": "#0", "cullface": "up"},
				"east": {"uv": [13, 0, 16, 10], "texture": "#0", "cullface": "up"},
				"south": {"uv": [13, 0, 16, 10], "texture": "#0", "cullface": "up"},
				"west": {"uv": [13, 0, 16, 10], "texture": "#0", "cullface": "up"},
				"up": {"uv": [0, 7, 3, 10], "rotation": 180, "texture": "#0", "cullface": "up"}
			}
		},
		{
			"from": [6.5, -9, 5.3],
			"to": [9.5, -1, 8.3],
			"rotation": {"angle": -22.5, "axis": "x", "origin": [8, 9, 8]},
			"faces": {
				"north": {"uv": [13, 0, 16, 10], "texture": "#0", "cullface": "down"},
				"east": {"uv": [13, 0, 16, 10], "texture": "#0", "cullface": "down"},
				"south": {"uv": [13, 0, 16, 10], "texture": "#0", "cullface": "down"},
				"west": {"uv": [13, 0, 16, 10], "texture": "#0", "cullface": "down"},
				"down": {"uv": [9, 4, 10.5, 5.5], "texture": "#0", "cullface": "down"}
			}
		},
		{
			"from": [4, 16, 4],
			"to": [12, 19, 12],
			"rotation": {"angle": 0, "axis": "y", "origin": [8, 9, 8]},
			"faces": {
				"north": {"uv": [4, 2, 12, 5], "rotation": 180, "texture": "#0", "cullface": "up"},
				"east": {"uv": [4, 2, 12, 5], "rotation": 180, "texture": "#0", "cullface": "up"},
				"south": {"uv": [4, 2, 12, 5], "rotation": 180, "texture": "#0", "cullface": "up"},
				"west": {"uv": [4, 2, 12, 5], "rotation": 180, "texture": "#0", "cullface": "up"},
				"up": {"uv": [4, 2, 12, 10], "rotation": 180, "texture": "#0", "cullface": "up"}
			}
		},
		{
			"from": [16, 4, 4],
			"to": [19, 12, 12],
			"rotation": {"angle": 0, "axis": "z", "origin": [8, 9, 8]},
			"faces": {
				"north": {"uv": [4, 2, 12, 5], "rotation": 90, "texture": "#0", "cullface": "east"},
				"east": {"uv": [4, 2, 12, 10], "rotation": 270, "texture": "#0", "cullface": "east"},
				"south": {"uv": [4, 2, 12, 5], "rotation": 270, "texture": "#0", "cullface": "east"},
				"up": {"uv": [4, 2, 12, 5], "rotation": 270, "texture": "#0", "cullface": "east"},
				"down": {"uv": [4, 2, 12, 5], "rotation": 270, "texture": "#0", "cullface": "east"}
			}
		},
		{
			"from": [-3, 4, 4],
			"to": [0, 12, 12],
			"rotation": {"angle": 0, "axis": "z", "origin": [8, 9, 8]},
			"faces": {
				"north": {"uv": [4, 2, 12, 5], "rotation": 90, "texture": "#0", "cullface": "west"},
				"south": {"uv": [4, 2, 12, 5], "rotation": 270, "texture": "#0", "cullface": "west"},
				"west": {"uv": [4, 2, 12, 10], "rotation": 270, "texture": "#0", "cullface": "west"},
				"up": {"uv": [4, 2, 12, 5], "rotation": 270, "texture": "#0", "cullface": "west"},
				"down": {"uv": [4, 2, 12, 5], "rotation": 270, "texture": "#0", "cullface": "west"}
			}
		},
		{
			"from": [4, 4, -3],
			"to": [12, 12, 0],
			"rotation": {"angle": 0, "axis": "y", "origin": [8, 9, 8]},
			"faces": {
				"north": {"uv": [4, 2, 12, 10], "rotation": 270, "texture": "#0", "cullface": "north"},
				"east": {"uv": [4, 2, 12, 5], "rotation": 270, "texture": "#0", "cullface": "north"},
				"west": {"uv": [4, 2, 12, 5], "rotation": 90, "texture": "#0", "cullface": "north"},
				"up": {"uv": [4, 2, 12, 5], "rotation": 180, "texture": "#0", "cullface": "north"},
				"down": {"uv": [4, 2, 12, 5], "texture": "#0", "cullface": "north"}
			}
		},
		{
			"from": [4, 4, 16],
			"to": [12, 12, 19],
			"rotation": {"angle": 0, "axis": "y", "origin": [8, 9, 8]},
			"faces": {
				"east": {"uv": [4, 2, 12, 5], "rotation": 90, "texture": "#0", "cullface": "south"},
				"south": {"uv": [4, 2, 12, 10], "rotation": 270, "texture": "#0", "cullface": "south"},
				"west": {"uv": [4, 2, 12, 5], "rotation": 270, "texture": "#0", "cullface": "south"},
				"up": {"uv": [4, 2, 12, 5], "texture": "#0", "cullface": "south"},
				"down": {"uv": [4, 2, 12, 5], "rotation": 180, "texture": "#0", "cullface": "south"}
			}
		},
		{
			"from": [4, -3, 4],
			"to": [12, 0, 12],
			"rotation": {"angle": 0, "axis": "y", "origin": [8, 9, 8]},
			"faces": {
				"north": {"uv": [4, 2, 12, 5], "rotation": 180, "texture": "#0", "cullface": "down"},
				"east": {"uv": [4, 2, 12, 5], "rotation": 180, "texture": "#0", "cullface": "down"},
				"south": {"uv": [4, 2, 12, 5], "rotation": 180, "texture": "#0", "cullface": "down"},
				"west": {"uv": [4, 2, 12, 5], "rotation": 180, "texture": "#0", "cullface": "down"},
				"down": {"uv": [4, 2, 12, 10], "rotation": 180, "texture": "#0", "cullface": "down"}
			}
		},
		{
			"from": [6.5, 17, 6],
			"to": [9.5, 25, 9],
			"rotation": {"angle": 22.5, "axis": "x", "origin": [8, 9, 8]},
			"faces": {
				"north": {"uv": [13, 0, 16, 10], "texture": "#0", "cullface": "up"},
				"east": {"uv": [13, 0, 16, 10], "texture": "#0", "cullface": "up"},
				"south": {"uv": [13, 0, 16, 10], "texture": "#0", "cullface": "up"},
				"west": {"uv": [13, 0, 16, 10], "texture": "#0", "cullface": "up"},
				"up": {"uv": [0, 7, 3, 10], "rotation": 180, "texture": "#0", "cullface": "up"}
			}
		},
		{
			"from": [6.5, -9, 7.7],
			"to": [9.5, -1, 10.7],
			"rotation": {"angle": 22.5, "axis": "x", "origin": [8, 9, 8]},
			"faces": {
				"north": {"uv": [13, 0, 16, 10], "texture": "#0", "cullface": "down"},
				"east": {"uv": [13, 0, 16, 10], "texture": "#0", "cullface": "down"},
				"south": {"uv": [13, 0, 16, 10], "texture": "#0", "cullface": "down"},
				"west": {"uv": [13, 0, 16, 10], "texture": "#0", "cullface": "down"},
				"down": {"uv": [12, 5, 13.5, 6.5], "texture": "#0", "cullface": "down"}
			}
		},
		{
			"from": [7, 17, 6.5],
			"to": [10, 25, 9.5],
			"rotation": {"angle": 22.5, "axis": "z", "origin": [8, 9, 8]},
			"faces": {
				"north": {"uv": [13, 0, 16, 10], "texture": "#0", "cullface": "up"},
				"east": {"uv": [13, 0, 16, 10], "texture": "#0", "cullface": "up"},
				"south": {"uv": [13, 0, 16, 10], "texture": "#0", "cullface": "up"},
				"west": {"uv": [13, 0, 16, 10], "texture": "#0", "cullface": "up"},
				"up": {"uv": [0, 7, 3, 10], "rotation": 180, "texture": "#0", "cullface": "up"}
			}
		},
		{
			"from": [5.3, -9, 6.5],
			"to": [8.3, -1, 9.5],
			"rotation": {"angle": 22.5, "axis": "z", "origin": [8, 9, 8]},
			"faces": {
				"north": {"uv": [13, 0, 16, 10], "texture": "#0", "cullface": "down"},
				"east": {"uv": [13, 0, 16, 10], "texture": "#0", "cullface": "down"},
				"south": {"uv": [13, 0, 16, 10], "texture": "#0", "cullface": "down"},
				"west": {"uv": [13, 0, 16, 10], "texture": "#0", "cullface": "down"},
				"down": {"uv": [6, 9, 7.5, 10.5], "texture": "#0", "cullface": "down"}
			}
		},
		{
			"from": [6, 17, 6.5],
			"to": [9, 25, 9.5],
			"rotation": {"angle": -22.5, "axis": "z", "origin": [8, 9, 8]},
			"faces": {
				"north": {"uv": [13, 0, 16, 10], "texture": "#0", "cullface": "up"},
				"east": {"uv": [13, 0, 16, 10], "texture": "#0", "cullface": "up"},
				"south": {"uv": [13, 0, 16, 10], "texture": "#0", "cullface": "up"},
				"west": {"uv": [13, 0, 16, 10], "texture": "#0", "cullface": "up"},
				"up": {"uv": [0, 7, 3, 10], "rotation": 180, "texture": "#0", "cullface": "up"}
			}
		},
		{
			"from": [7.7, -9, 6.5],
			"to": [10.7, -1, 9.5],
			"rotation": {"angle": -22.5, "axis": "z", "origin": [8, 9, 8]},
			"faces": {
				"north": {"uv": [13, 0, 16, 10], "texture": "#0", "cullface": "down"},
				"east": {"uv": [13, 0, 16, 10], "texture": "#0", "cullface": "down"},
				"south": {"uv": [13, 0, 16, 10], "texture": "#0", "cullface": "down"},
				"west": {"uv": [13, 0, 16, 10], "texture": "#0", "cullface": "down"},
				"down": {"uv": [8, 7, 9.5, 8.5], "texture": "#0", "cullface": "down"}
			}
		},
		{
			"from": [16.5, 5.7, 6.5],
			"to": [24.5, 8.7, 9.5],
			"rotation": {"angle": 22.5, "axis": "z", "origin": [8, 9, 8]},
			"faces": {
				"north": {"uv": [13, 0, 16, 10], "rotation": 90, "texture": "#0", "cullface": "east"},
				"east": {"uv": [0, 7, 3, 10], "rotation": 270, "texture": "#0", "cullface": "east"},
				"south": {"uv": [13, 0, 16, 10], "rotation": 90, "texture": "#0", "cullface": "east"},
				"up": {"uv": [13, 0, 16, 10], "rotation": 90, "texture": "#0", "cullface": "east"},
				"down": {"uv": [13, 0, 16, 10], "rotation": 90, "texture": "#0", "cullface": "east"}
			}
		},
		{
			"from": [-9, 7.3, 6.5],
			"to": [-1, 10.3, 9.5],
			"rotation": {"angle": 22.5, "axis": "z", "origin": [8, 9, 8]},
			"faces": {
				"north": {"uv": [13, 0, 16, 10], "rotation": 270, "texture": "#0", "cullface": "west"},
				"south": {"uv": [13, 0, 16, 10], "rotation": 270, "texture": "#0", "cullface": "west"},
				"west": {"uv": [7, 8, 8.5, 9.5], "rotation": 90, "texture": "#0", "cullface": "west"},
				"up": {"uv": [13, 0, 16, 10], "rotation": 270, "texture": "#0", "cullface": "west"},
				"down": {"uv": [13, 0, 16, 10], "rotation": 270, "texture": "#0", "cullface": "west"}
			}
		},
		{
			"from": [6.5, 5.7, 16.5],
			"to": [9.5, 8.7, 24.5],
			"rotation": {"angle": -22.5, "axis": "x", "origin": [8, 9, 8]},
			"faces": {
				"east": {"uv": [13, 0, 16, 10], "rotation": 90, "texture": "#0", "cullface": "south"},
				"south": {"uv": [0, 7, 3, 10], "rotation": 270, "texture": "#0", "cullface": "south"},
				"west": {"uv": [13, 0, 16, 10], "rotation": 90, "texture": "#0", "cullface": "south"},
				"up": {"uv": [13, 0, 16, 10], "texture": "#0", "cullface": "south"},
				"down": {"uv": [13, 0, 16, 10], "texture": "#0", "cullface": "south"}
			}
		},
		{
			"from": [6.5, 7.3, -9],
			"to": [9.5, 10.3, -1],
			"rotation": {"angle": -22.5, "axis": "x", "origin": [8, 9, 8]},
			"faces": {
				"north": {"uv": [11, 4, 12.5, 5.5], "rotation": 90, "texture": "#0", "cullface": "north"},
				"east": {"uv": [13, 0, 16, 10], "rotation": 270, "texture": "#0", "cullface": "north"},
				"west": {"uv": [13, 0, 16, 10], "rotation": 270, "texture": "#0", "cullface": "north"},
				"up": {"uv": [13, 0, 16, 10], "texture": "#0", "cullface": "north"},
				"down": {"uv": [13, 0, 16, 10], "texture": "#0", "cullface": "north"}
			}
		},
		{
			"from": [6.5, 5.7, -8.7],
			"to": [9.5, 8.7, -0.7],
			"rotation": {"angle": 22.5, "axis": "x", "origin": [8, 9, 8]},
			"faces": {
				"north": {"uv": [14, 6, 15.5, 7.5], "rotation": 90, "texture": "#0", "cullface": "north"},
				"east": {"uv": [13, 0, 16, 10], "rotation": 270, "texture": "#0", "cullface": "north"},
				"west": {"uv": [13, 0, 16, 10], "rotation": 270, "texture": "#0", "cullface": "north"},
				"up": {"uv": [13, 0, 16, 10], "texture": "#0", "cullface": "north"},
				"down": {"uv": [13, 0, 16, 10], "rotation": 270, "texture": "#0", "cullface": "north"}
			}
		},
		{
			"from": [17, 6.5, 5.7],
			"to": [25, 9.5, 8.7],
			"rotation": {"angle": -22.5, "axis": "y", "origin": [8, 9, 8]},
			"faces": {
				"north": {"uv": [13, 0, 16, 10], "rotation": 90, "texture": "#0", "cullface": "east"},
				"east": {"uv": [0, 7, 3, 10], "rotation": 270, "texture": "#0", "cullface": "east"},
				"south": {"uv": [13, 0, 16, 10], "rotation": 90, "texture": "#0", "cullface": "east"},
				"up": {"uv": [13, 0, 16, 10], "rotation": 90, "texture": "#0", "cullface": "east"},
				"down": {"uv": [13, 0, 16, 10], "rotation": 90, "texture": "#0", "cullface": "east"}
			}
		},
		{
			"from": [-9, 6.5, 7.3],
			"to": [-1, 9.5, 10.3],
			"rotation": {"angle": -22.5, "axis": "y", "origin": [8, 9, 8]},
			"faces": {
				"north": {"uv": [13, 0, 16, 10], "rotation": 270, "texture": "#0", "cullface": "west"},
				"south": {"uv": [13, 0, 16, 10], "rotation": 90, "texture": "#0", "cullface": "west"},
				"west": {"uv": [7, 13, 8.5, 14.5], "rotation": 90, "texture": "#0", "cullface": "west"},
				"up": {"uv": [13, 0, 16, 10], "rotation": 90, "texture": "#0", "cullface": "west"},
				"down": {"uv": [13, 0, 16, 10], "rotation": 90, "texture": "#0", "cullface": "west"}
			}
		},
		{
			"from": [7.4, 6.5, 17],
			"to": [10.4, 9.5, 25],
			"rotation": {"angle": -22.5, "axis": "y", "origin": [8, 9, 8]},
			"faces": {
				"east": {"uv": [13, 0, 16, 10], "rotation": 90, "texture": "#0", "cullface": "south"},
				"south": {"uv": [0, 7, 3, 10], "rotation": 270, "texture": "#0", "cullface": "south"},
				"west": {"uv": [13, 0, 16, 10], "rotation": 90, "texture": "#0", "cullface": "south"},
				"up": {"uv": [13, 0, 16, 10], "texture": "#0", "cullface": "south"},
				"down": {"uv": [13, 0, 16, 10], "texture": "#0", "cullface": "south"}
			}
		},
		{
			"from": [5.7, 6.5, -9],
			"to": [8.7, 9.5, -1],
			"rotation": {"angle": -22.5, "axis": "y", "origin": [8, 9, 8]},
			"faces": {
				"north": {"uv": [11, 12, 12.5, 13.5], "rotation": 90, "texture": "#0", "cullface": "north"},
				"east": {"uv": [13, 0, 16, 10], "rotation": 270, "texture": "#0", "cullface": "north"},
				"west": {"uv": [13, 0, 16, 10], "rotation": 270, "texture": "#0", "cullface": "north"},
				"up": {"uv": [13, 0, 16, 10], "texture": "#0", "cullface": "north"},
				"down": {"uv": [13, 0, 16, 10], "texture": "#0", "cullface": "north"}
			}
		},
		{
			"from": [17, 7.3, 6.5],
			"to": [25, 10.3, 9.5],
			"rotation": {"angle": -22.5, "axis": "z", "origin": [8, 9, 8]},
			"faces": {
				"north": {"uv": [13, 0, 16, 10], "rotation": 90, "texture": "#0", "cullface": "east"},
				"east": {"uv": [0, 7, 3, 10], "rotation": 270, "texture": "#0", "cullface": "east"},
				"south": {"uv": [13, 0, 16, 10], "rotation": 90, "texture": "#0", "cullface": "east"},
				"up": {"uv": [13, 0, 16, 10], "rotation": 90, "texture": "#0", "cullface": "east"},
				"down": {"uv": [13, 0, 16, 10], "rotation": 90, "texture": "#0", "cullface": "east"}
			}
		},
		{
			"from": [-8.5, 5.7, 6.5],
			"to": [-0.5, 8.7, 9.5],
			"rotation": {"angle": -22.5, "axis": "z", "origin": [8, 9, 8]},
			"faces": {
				"north": {"uv": [13, 0, 16, 10], "rotation": 270, "texture": "#0", "cullface": "west"},
				"south": {"uv": [13, 0, 16, 10], "rotation": 270, "texture": "#0", "cullface": "west"},
				"west": {"uv": [12, 0, 13.5, 1.5], "rotation": 90, "texture": "#0", "cullface": "west"},
				"up": {"uv": [13, 0, 16, 10], "rotation": 270, "texture": "#0", "cullface": "west"},
				"down": {"uv": [13, 0, 16, 10], "rotation": 270, "texture": "#0", "cullface": "west"}
			}
		},
		{
			"from": [6.5, 7.3, 17],
			"to": [9.5, 10.3, 25],
			"rotation": {"angle": 22.5, "axis": "x", "origin": [8, 9, 8]},
			"faces": {
				"east": {"uv": [13, 0, 16, 10], "rotation": 90, "texture": "#0", "cullface": "south"},
				"south": {"uv": [0, 7, 3, 10], "rotation": 270, "texture": "#0", "cullface": "south"},
				"west": {"uv": [13, 0, 16, 10], "rotation": 90, "texture": "#0", "cullface": "south"},
				"up": {"uv": [13, 0, 16, 10], "texture": "#0", "cullface": "south"},
				"down": {"uv": [13, 0, 16, 10], "texture": "#0", "cullface": "south"}
			}
		},
		{
			"from": [17, 6, 7.3],
			"to": [25, 9, 10.3],
			"rotation": {"angle": 22.5, "axis": "y", "origin": [8, 9, 8]},
			"faces": {
				"north": {"uv": [13, 0, 16, 10], "rotation": 90, "texture": "#0", "cullface": "east"},
				"east": {"uv": [0, 7, 3, 10], "rotation": 270, "texture": "#0", "cullface": "east"},
				"south": {"uv": [13, 0, 16, 10], "rotation": 90, "texture": "#0", "cullface": "east"},
				"up": {"uv": [13, 0, 16, 10], "rotation": 90, "texture": "#0", "cullface": "east"},
				"down": {"uv": [13, 0, 16, 10], "rotation": 90, "texture": "#0", "cullface": "east"}
			}
		},
		{
			"from": [-9, 6.5, 5.7],
			"to": [-1, 9.5, 8.7],
			"rotation": {"angle": 22.5, "axis": "y", "origin": [8, 9, 8]},
			"faces": {
				"north": {"uv": [13, 0, 16, 10], "rotation": 270, "texture": "#0", "cullface": "west"},
				"south": {"uv": [13, 0, 16, 10], "rotation": 270, "texture": "#0", "cullface": "west"},
				"west": {"uv": [9, 3, 10.5, 4.5], "rotation": 90, "texture": "#0", "cullface": "west"},
				"up": {"uv": [13, 0, 16, 10], "rotation": 270, "texture": "#0", "cullface": "west"},
				"down": {"uv": [13, 0, 16, 10], "rotation": 270, "texture": "#0", "cullface": "west"}
			}
		},
		{
			"from": [5.7, 6.5, 17],
			"to": [8.7, 9.5, 25],
			"rotation": {"angle": 22.5, "axis": "y", "origin": [8, 9, 8]},
			"faces": {
				"east": {"uv": [13, 0, 16, 10], "rotation": 90, "texture": "#0", "cullface": "south"},
				"south": {"uv": [13, 0, 16, 3], "rotation": 90, "texture": "#0", "cullface": "south"},
				"west": {"uv": [13, 0, 16, 10], "rotation": 90, "texture": "#0", "cullface": "south"},
				"up": {"uv": [13, 0, 16, 10], "texture": "#0", "cullface": "south"},
				"down": {"uv": [13, 0, 16, 10], "texture": "#0", "cullface": "south"}
			}
		},
		{
			"from": [7.4, 6.5, -8.7],
			"to": [10.4, 9.5, -1],
			"rotation": {"angle": 22.5, "axis": "y", "origin": [8, 9, 8]},
			"faces": {
				"north": {"uv": [7, 11, 8.5, 12.5], "rotation": 90, "texture": "#0", "cullface": "north"},
				"east": {"uv": [13, 0, 16, 10], "rotation": 270, "texture": "#0", "cullface": "north"},
				"west": {"uv": [13, 0, 16, 10], "rotation": 270, "texture": "#0", "cullface": "north"},
				"up": {"uv": [13, 0, 16, 10], "texture": "#0", "cullface": "north"},
				"down": {"uv": [13, 0, 16, 10], "texture": "#0", "cullface": "north"}
			}
		},
		{
			"from": [5.5, 19, 5.5],
			"to": [10.5, 27, 10.5],
			"faces": {
				"north": {"uv": [8, 5, 13, 13], "texture": "#0", "cullface": "up"},
				"east": {"uv": [5, 0, 10, 8], "texture": "#0", "cullface": "up"},
				"south": {"uv": [10, 6, 15, 14], "texture": "#0", "cullface": "up"},
				"west": {"uv": [5, 4, 10, 12], "texture": "#0", "cullface": "up"},
				"up": {"uv": [0, 0, 5, 5], "texture": "#0", "cullface": "up"}
			}
		},
		{
			"from": [19, 5.5, 5.5],
			"to": [27, 10.5, 10.5],
			"faces": {
				"north": {"uv": [7, 6, 16, 11], "texture": "#0", "cullface": "east"},
				"east": {"uv": [0, 0, 5, 5], "texture": "#0", "cullface": "east"},
				"south": {"uv": [6, 6, 15, 11], "texture": "#0", "cullface": "east"},
				"up": {"uv": [6, 4, 15, 9], "texture": "#0", "cullface": "east"},
				"down": {"uv": [6, 8, 15, 13], "texture": "#0", "cullface": "east"}
			}
		},
		{
			"from": [-11, 5.5, 5.5],
			"to": [-3, 10.5, 10.5],
			"faces": {
				"north": {"uv": [7, 6, 16, 11], "texture": "#0", "cullface": "west"},
				"south": {"uv": [6, 6, 15, 11], "texture": "#0", "cullface": "west"},
				"west": {"uv": [7, 1, 12, 6], "texture": "#0", "cullface": "west"},
				"up": {"uv": [6, 4, 15, 9], "texture": "#0", "cullface": "west"},
				"down": {"uv": [6, 8, 15, 13], "texture": "#0", "cullface": "west"}
			}
		},
		{
			"from": [5.5, 5.5, 18],
			"to": [10.5, 10.5, 26],
			"faces": {
				"east": {"uv": [7, 6, 16, 11], "texture": "#0", "cullface": "south"},
				"south": {"uv": [0, 0, 5, 5], "texture": "#0", "cullface": "south"},
				"west": {"uv": [6, 6, 15, 11], "texture": "#0", "cullface": "south"},
				"up": {"uv": [6, 4, 15, 9], "rotation": 90, "texture": "#0", "cullface": "south"},
				"down": {"uv": [6, 8, 15, 13], "rotation": 270, "texture": "#0", "cullface": "south"}
			}
		},
		{
			"from": [5.5, 5.5, -11],
			"to": [10.5, 10.5, -3],
			"faces": {
				"north": {"uv": [7, 1, 12, 8], "texture": "#0", "cullface": "north"},
				"east": {"uv": [7, 6, 16, 11], "texture": "#0", "cullface": "north"},
				"west": {"uv": [6, 6, 15, 11], "texture": "#0", "cullface": "north"},
				"up": {"uv": [6, 4, 15, 9], "rotation": 90, "texture": "#0", "cullface": "north"},
				"down": {"uv": [6, 8, 15, 13], "rotation": 270, "texture": "#0", "cullface": "north"}
			}
		}
	],
	"display": {
		"thirdperson_righthand": {
			"rotation": [75, 315, 0],
			"translation": [0, 2.5, 0],
			"scale": [0.375, 0.375, 0.375]
		},
		"firstperson_righthand": {
			"rotation": [0, 315, 0],
			"translation": [0, 2.5, 0],
			"scale": [0.4, 0.4, 0.4]
		},
		"ground": {
			"translation": [0, 3, 0],
			"scale": [0.25, 0.25, 0.25]
		},
		"gui": {
			"rotation": [30, 45, 0],
			"scale": [0.625, 0.625, 0.625]
		},
		"head": {
			"rotation": [0, 180, 0]
		},
		"fixed": {
			"rotation": [0, 180, 0]
		}
	},
	"groups": [
		{
			"name": "Cluster",
			"origin": [8, 8, 8],
			"children": [0, 1, 2, 3, 4, 5, 6, 7, 8, 9, 10, 11, 12, 13, 14, 15, 16, 17, 18, 19, 20, 21, 22, 23, 24, 25, 26, 27, 28, 29, 30, 31, 32, 33, 34, 35]
		}
	]
}