{
	"credit": "Made with Blockbench",
	"elements": [
		{
			"from": [6, 16, 5],
			"to": [14, 20, 13],
			"rotation": {"angle": 0, "axis": "y", "origin": [10, 0, 9]},
			"faces": {
				"north": {"uv": [2, 0, 10, 4], "texture": "#all", "cullface": "up"},
				"east": {"uv": [3, 0, 11, 4], "texture": "#all", "cullface": "up"},
				"south": {"uv": [6, 0, 14, 4], "texture": "#all", "cullface": "up"},
				"west": {"uv": [5, 0, 13, 4], "texture": "#all", "cullface": "up"},
				"up": {"uv": [0, 0, 6, 6], "texture": "#all", "cullface": "up"}
			}
		},
		{
			"from": [8, 20, 7],
			"to": [12, 32, 11],
			"rotation": {"angle": 0, "axis": "y", "origin": [10, -4, 9]},
			"faces": {
				"north": {"uv": [4, 4, 8, 16], "texture": "#all", "cullface": "up"},
				"east": {"uv": [5, 4, 9, 16], "texture": "#all", "cullface": "up"},
				"south": {"uv": [8, 4, 12, 16], "texture": "#all", "cullface": "up"},
				"west": {"uv": [7, 4, 11, 16], "texture": "#all", "cullface": "up"},
				"up": {"uv": [0, 0, 4, 4], "texture": "#all", "cullface": "up"},
				"down": {"uv": [8, 5, 12, 9], "texture": "#all", "cullface": "up"}
			}
		}
	]
}