{
	"credit": "Made with Blockbench",
	"elements": [
		{
			"from": [9, 16, 10],
			"to": [11, 24, 12],
			"rotation": {"angle": 0, "axis": "y", "origin": [10, 0, 11]},
			"faces": {
				"north": {"uv": [5, 0, 7, 8], "texture": "#all", "cullface": "up"},
				"east": {"uv": [4, 0, 6, 8], "texture": "#all", "cullface": "up"},
				"south": {"uv": [9, 0, 11, 8], "texture": "#all", "cullface": "up"},
				"west": {"uv": [10, 0, 12, 8], "texture": "#all", "cullface": "up"},
				"up": {"uv": [0, 0, 2, 2], "texture": "#all", "cullface": "up"},
				"down": {"uv": [9, 4, 11, 6], "texture": "#all", "cullface": "up"}
			}
		}
	]
}