{
	"credit": "Made with Blockbench",
	"parent": "minecraft:block/cross",
	"textures": {
		"1": "block/weeping_vines_plant",
		"particle": "block/weeping_vines_plant",
		"cross": "block/weeping_vines_plant"
	},
	"elements": [
		{
			"from": [8, 0, 0],
			"to": [8, 16, 16],
			"rotation": {"angle": -22.5, "axis": "y", "origin": [8, 8, 8]},
			"faces": {
				"north": {"uv": [0, 0, 0, 16], "texture": "#1"},
				"east": {"uv": [0, 0, 16, 16], "texture": "#1"},
				"south": {"uv": [0, 0, 0, 16], "texture": "#1"},
				"west": {"uv": [0, 0, 16, 16], "texture": "#1"},
				"up": {"uv": [0, 0, 0, 16], "texture": "#1"},
				"down": {"uv": [0, 0, 0, 16], "texture": "#1"}
			}
		},
		{
			"from": [0, 0, 8],
			"to": [16, 16, 8],
			"rotation": {"angle": -22.5, "axis": "y", "origin": [8, 8, 8]},
			"faces": {
				"north": {"uv": [0, 0, 16, 16], "texture": "#1"},
				"east": {"uv": [0, 0, 0, 16], "texture": "#1"},
				"south": {"uv": [0, 0, 16, 16], "texture": "#1"},
				"west": {"uv": [0, 0, 0, 16], "texture": "#1"},
				"up": {"uv": [0, 0, 0, 16], "rotation": 270, "texture": "#1"},
				"down": {"uv": [0, 0, 0, 16], "rotation": 90, "texture": "#1"}
			}
		},
		{
			"from": [0, 0, 14],
			"to": [16, 16, 14],
			"rotation": {"angle": -22.5, "axis": "x", "origin": [8, -9.25, 10]},
			"faces": {
				"north": {"uv": [0, 0, 16, 16], "texture": "#cross"},
				"east": {"uv": [0, 0, 0, 16], "texture": "#cross"},
				"south": {"uv": [0, 0, 16, 16], "texture": "#cross"},
				"west": {"uv": [0, 0, 0, 16], "texture": "#cross"},
				"up": {"uv": [0, 0, 16, 0], "texture": "#cross"},
				"down": {"uv": [0, 0, 16, 0], "texture": "#cross"}
			}
		},
		{
			"from": [1, 2, 5],
			"to": [17, 18, 5],
			"rotation": {"angle": 22.5, "axis": "x", "origin": [5, 0, 0]},
			"faces": {
				"north": {"uv": [0, 0, 16, 16], "texture": "#cross"},
				"east": {"uv": [0, 0, 0, 16], "texture": "#cross"},
				"south": {"uv": [0, 0, 16, 16], "texture": "#cross"},
				"west": {"uv": [0, 0, 0, 16], "texture": "#cross"},
				"up": {"uv": [0, 0, 0, 16], "rotation": 270, "texture": "#cross"},
				"down": {"uv": [0, 0, 0, 16], "rotation": 90, "texture": "#cross"}
			}
		},
		{
			"from": [6, 0, 0],
			"to": [6, 16, 16],
			"rotation": {"angle": 0, "axis": "z", "origin": [5, 0, 0]},
			"faces": {
				"north": {"uv": [0, 0, 0, 16], "texture": "#cross"},
				"east": {"uv": [0, 0, 16, 16], "texture": "#cross"},
				"south": {"uv": [0, 0, 0, 16], "texture": "#cross"},
				"west": {"uv": [0, 0, 16, 16], "texture": "#cross"},
				"up": {"uv": [0, 0, 0, 16], "texture": "#cross"},
				"down": {"uv": [0, 0, 0, 16], "texture": "#cross"}
			}
		},
		{
			"from": [9, 0, 0],
			"to": [9, 16, 16],
			"rotation": {"angle": 0, "axis": "z", "origin": [5, 0, 0]},
			"faces": {
				"north": {"uv": [0, 0, 0, 16], "texture": "#cross"},
				"east": {"uv": [0, 0, 16, 16], "texture": "#cross"},
				"south": {"uv": [0, 0, 0, 16], "texture": "#cross"},
				"west": {"uv": [0, 0, 16, 16], "texture": "#cross"},
				"up": {"uv": [0, 0, 0, 16], "texture": "#cross"},
				"down": {"uv": [0, 0, 0, 16], "texture": "#cross"}
			}
		}
	],
	"groups": [
		{
			"name": "group",
			"origin": [8, 8, 8],
			"children": [0, 1]
		},
		{
			"name": "Leaves2",
			"origin": [8, 11.25, 8],
			"children": [2, 3, 4, 5]
		},
		{
			"name": "Leaves3",
			"origin": [8, 11.25, 8],
			"children": []
		},
		{
			"name": "Leaves",
			"origin": [8, 11.25, 8],
			"children": []
		},
		{
			"name": "Top",
			"origin": [8, 8, 8],
			"children": []
		}
	]
}