{
    "parent": "item/flintlock/flintlock_empty",
    "overrides": [
        {
            "predicate": {
                "pulling": 1
            },
            "model": "item/flintlock/flintlock_loading_0"
        },
        {
            "predicate": {
                "pulling": 1,
                "pull": 0.167
            },
            "model": "item/flintlock/flintlock_loading_1"
        },
        {
            "predicate": {
                "pulling": 1,
                "pull": 0.5
            },
            "model": "item/flintlock/flintlock_loading_2"
        },
        {
            "predicate": {
                "pulling": 1,
                "pull": 0.7
            },
            "model": "item/flintlock/flintlock_loading_3"
        },
        {
            "predicate": {
                "pulling": 1,
                "pull": 0.8
            },
            "model": "item/flintlock/flintlock_loading_4"
        },
        {
            "predicate": {
                "pulling": 1,
                "pull": 0.9
            },
            "model": "item/flintlock/flintlock_loading_5"
        },
        {
            "predicate": {
                "charged": 1
            },
            "model": "item/flintlock/flintlock_primed"
        },
		{
            "predicate": {
                "charged": 1,
                "firework": 1
            },
            "model": "item/flintlock/flintlock_firework"
        },










        {
            "predicate": {
                "pulling": 0,
		"custom_model_data": 1
            },
            "model": "item/musket/musket_empty"
        },
		{
            "predicate": {
                "pulling": 1,
		"custom_model_data": 1
            },
            "model": "item/musket/musket_loading_0"
        },
        {
            "predicate": {
                "pulling": 1,
                "pull": 0.167,
		"custom_model_data": 1
            },
            "model": "item/musket/musket_loading_1"
        },
		{
            "predicate": {
                "pulling": 1,
                "pull": 0.5,
		"custom_model_data": 1
            },
            "model": "item/musket/musket_loading_2"
        },
		{
            "predicate": {
                "pulling": 1,
                "pull": 0.7,
		"custom_model_data": 1
            },
            "model": "item/musket/musket_loading_3"
        },
		{
            "predicate": {
                "pulling": 1,
                "pull": 0.8,
		"custom_model_data": 1
            },
            "model": "item/musket/musket_loading_4"
        },
		{
            "predicate": {
                "pulling": 1,
                "pull": 0.9,
		"custom_model_data": 1
            },
            "model": "item/musket/musket_loading_5"
        },
        {
            "predicate": {
                "pulling": 1,
                "pull": 1,
		"custom_model_data": 1
            },
            "model": "item/musket/musket_loading_5"
        },
        {
            "predicate": {
                "charged": 1,
		"custom_model_data": 1
            },
            "model": "item/musket/musket_primed"
        },
        {
            "predicate": {
                "charged": 1,
                "firework": 1,
		"custom_model_data": 1
            },
            "model": "item/musket/musket_firework"
        },
		
		
		
		
		
		
		
		
		
		
		{
            "predicate": {
                "pulling": 0,
		"custom_model_data": 2
            },
            "model": "item/blunderbuss/blunderbuss_empty"
        },
		{
            "predicate": {
                "pulling": 1,
		"custom_model_data": 2
            },
            "model": "item/blunderbuss/blunderbuss_loading_0"
        },
        {
            "predicate": {
                "pulling": 1,
                "pull": 0.167,
		"custom_model_data": 2
            },
            "model": "item/blunderbuss/blunderbuss_loading_1"
        },
		{
            "predicate": {
                "pulling": 1,
                "pull": 0.5,
		"custom_model_data": 2
            },
            "model": "item/blunderbuss/blunderbuss_loading_2"
        },
		{
            "predicate": {
                "pulling": 1,
                "pull": 0.7,
		"custom_model_data": 2
            },
            "model": "item/blunderbuss/blunderbuss_loading_3"
        },
		{
            "predicate": {
                "pulling": 1,
                "pull": 0.8,
		"custom_model_data": 2
            },
            "model": "item/blunderbuss/blunderbuss_loading_4"
        },
		{
            "predicate": {
                "pulling": 1,
                "pull": 0.9,
		"custom_model_data": 2
            },
            "model": "item/blunderbuss/blunderbuss_loading_5"
        },
        {
            "predicate": {
                "pulling": 0.99,
                "pull": 1,
		"custom_model_data": 2
            },
            "model": "item/blunderbuss/blunderbuss_loading_5"
        },
		{
            "predicate": {
                "pulling": 1,
                "pull": 1,
		"custom_model_data": 2
            },
            "model": "item/blunderbuss/blunderbuss_loading_6"
        },
        {
            "predicate": {
                "charged": 1,
		"custom_model_data": 2
            },
            "model": "item/blunderbuss/blunderbuss_primed"
        },
        {
            "predicate": {
                "charged": 1,
                "firework": 1,
		"custom_model_data": 2
            },
            "model": "item/blunderbuss/blunderbuss_firework"
        },
		
		
		
		
		
		
		
		
		
		
		{
            "predicate": {
                "pulling": 0,
		"custom_model_data": 3
            },
            "model": "item/flintlock/flintlock_empty"
        },
		{
            "predicate": {
                "pulling": 1,
		"custom_model_data": 3
            },
            "model": "item/flintlock/flintlock_loading_0"
        },
        {
            "predicate": {
                "pulling": 1,
                "pull": 0.167,
		"custom_model_data": 3
            },
            "model": "item/flintlock/flintlock_loading_1"
        },
        {
            "predicate": {
                "pulling": 1,
                "pull": 0.5,
		"custom_model_data": 3
            },
            "model": "item/flintlock/flintlock_loading_2"
        },
        {
            "predicate": {
                "pulling": 1,
                "pull": 0.7,
        "custom_model_data": 3
            },
            "model": "item/flintlock/flintlock_loading_3"
        },
        {
            "predicate": {
                "pulling": 1,
                "pull": 0.8,
	    "custom_model_data": 3
            },
            "model": "item/flintlock/flintlock_loading_4"
        },
        {
            "predicate": {
                "pulling": 1,
                "pull": 0.9,
		"custom_model_data": 3
            },
            "model": "item/flintlock/flintlock_loading_5"
        },
        {
            "predicate": {
                "charged": 1,
	    "custom_model_data": 3
            },
            "model": "item/flintlock/flintlock_primed"
        },
		{
            "predicate": {
                "charged": 1,
                "firework": 1,
		"custom_model_data": 3
            },
            "model": "item/flintlock/flintlock_firework"
        }
    ]
}