{
    "multipart": [
        {   "apply": { "model": "block/netherrack" }
        },
        {   "apply": [
                { "model": "block/netherrack2", "weight": 1 },
                { "model": "block/netherrack2", "y": 90, "weight": 1 },
                { "model": "block/netherrack2", "y": 180, "weight": 1 },
                { "model": "block/netherrack2", "y": 270, "weight": 1 },
                { "model": "block/netherrack3", "weight": 1 },
                { "model": "block/netherrack3", "y": 90, "weight": 1 },
                { "model": "block/netherrack3", "y": 180, "weight": 1 },
                { "model": "block/netherrack3", "y": 270, "weight": 1 },
                { "model": "block/netherrack4", "weight": 1 },
                { "model": "block/netherrack4", "y": 90, "weight": 1 },
                { "model": "block/netherrack4", "y": 180, "weight": 1 },
                { "model": "block/netherrack4", "y": 270, "weight": 1 },
                { "model": "block/netherrack5", "weight": 1 },
                { "model": "block/netherrack5", "y": 90, "weight": 1 },
                { "model": "block/netherrack5", "y": 180, "weight": 1 },
                { "model": "block/netherrack5", "y": 270, "weight": 1 },
                { "model": "block/air", "weight": 16 }
            ]
        }
    ]
}
