{
	"credit": "Made with Blockbench",
	"texture_size": [64, 64],
	"textures": {
		"0": "item/crossbow"
	},
	"elements": [
		{
			"name": "Stock",
			"from": [7.25, 6, 20.5],
			"to": [8.75, 9, 27.5],
			"rotation": {"angle": 22.5, "axis": "x", "origin": [8, 8, 16.5]},
			"faces": {
				"north": {"uv": [3.75, 3.25, 4.125, 4], "texture": "#0"},
				"east": {"uv": [0, 3.25, 1.75, 4], "texture": "#0"},
				"south": {"uv": [4.125, 3.25, 4.5, 4], "texture": "#0"},
				"west": {"uv": [2, 3.25, 3.75, 4], "texture": "#0"},
				"up": {"uv": [1.875, 3.25, 1.5, 1.5], "texture": "#0"},
				"down": {"uv": [2.25, 1.5, 1.875, 3.25], "texture": "#0"}
			}
		},
		{
			"name": "Stock",
			"from": [7.25, 6, 16.5],
			"to": [8.75, 8, 20.5],
			"rotation": {"angle": 22.5, "axis": "x", "origin": [8, 8, 16.5]},
			"faces": {
				"north": {"uv": [2.625, 7.5, 3.0025, 8], "texture": "#0"},
				"east": {"uv": [0, 7.5, 1, 8], "texture": "#0"},
				"south": {"uv": [2.25, 7.5, 2.6275, 8], "texture": "#0"},
				"west": {"uv": [1.25, 7.5, 2.25, 8], "texture": "#0"},
				"up": {"uv": [1.2525, 7.5, 0.875, 6.5], "texture": "#0"},
				"down": {"uv": [1.6275, 6.5, 1.25, 7.5], "texture": "#0"}
			}
		},
		{
			"name": "Stock",
			"from": [7.249, 6, 14.5],
			"to": [8.759, 8, 16.5],
			"rotation": {"angle": 0, "axis": "x", "origin": [8, 8, 17.5]},
			"faces": {
				"north": {"uv": [1.875, 8, 2.2525, 8.5], "texture": "#0"},
				"east": {"uv": [0, 8, 0.5, 8.5], "texture": "#0"},
				"south": {"uv": [1.5, 8, 1.8775, 8.5], "texture": "#0"},
				"west": {"uv": [0.75, 8, 1.25, 8.5], "texture": "#0"},
				"up": {"uv": [0.3775, 7.25, 0, 6.75], "texture": "#0"},
				"down": {"uv": [1.0025, 6.75, 0.625, 7.25], "texture": "#0"}
			}
		},
		{
			"name": "Barrel Switch",
			"from": [7.75, 8.01, 14.5],
			"to": [8.75, 8.01, 17.5],
			"rotation": {"angle": 22.5, "axis": "y", "origin": [8, 8.01, 14.5]},
			"faces": {
				"north": {"uv": [1.5, 7.5, 1.75, 7.5], "texture": "#0"},
				"east": {"uv": [0.75, 7.5, 1.5, 7.5], "texture": "#0"},
				"south": {"uv": [2.5, 7.5, 2.75, 7.5], "texture": "#0"},
				"west": {"uv": [1.75, 7.5, 2.5, 7.5], "texture": "#0"},
				"up": {"uv": [1.875, 7.5, 1.625, 6.75], "texture": "#0"},
				"down": {"uv": [2, 6.75, 1.75, 7.5], "texture": "#0"}
			}
		},
		{
			"name": "Barrel Switch",
			"from": [8, 8.01, 16.5],
			"to": [8, 9.01, 17.5],
			"rotation": {"angle": 22.5, "axis": "y", "origin": [8, 8.01, 14.5]},
			"faces": {
				"north": {"uv": [2.25, 7.25, 2.25, 7.5], "texture": "#0"},
				"east": {"uv": [2, 7.25, 2.25, 7.5], "texture": "#0"},
				"south": {"uv": [2.5, 7.25, 2.5, 7.5], "texture": "#0"},
				"west": {"uv": [2.25, 7.25, 2.5, 7.5], "texture": "#0"},
				"up": {"uv": [2.25, 7.25, 2.25, 7], "texture": "#0"},
				"down": {"uv": [2.25, 7, 2.25, 7.25], "texture": "#0"}
			}
		},
		{
			"name": "Hammer",
			"from": [8.76, 6, 14.5],
			"to": [8.76, 9.5, 16.5],
			"rotation": {"angle": 0, "axis": "x", "origin": [8.76, 6.85, 15.75]},
			"faces": {
				"north": {"uv": [0.75, 0.75, 0.75, 1.5], "texture": "#0"},
				"east": {"uv": [0.25, 0.75, 0.75, 1.5], "texture": "#0"},
				"south": {"uv": [1.5, 0.75, 1.5, 1.5], "texture": "#0"},
				"west": {"uv": [0.75, 0.75, 1.25, 1.5], "texture": "#0"},
				"up": {"uv": [0.75, 0.75, 0.75, 0], "texture": "#0"},
				"down": {"uv": [0.75, 0, 0.75, 0.75], "texture": "#0"}
			}
		},
		{
			"name": "Stock",
			"from": [7.24, 6, 14.5],
			"to": [7.24, 9.5, 16.5],
			"rotation": {"angle": 0, "axis": "x", "origin": [7.25, 6.85, 15.75]},
			"faces": {
				"north": {"uv": [0.75, 1.5, 0.75, 2.25], "texture": "#0"},
				"east": {"uv": [0.25, 1.5, 0.75, 2.25], "texture": "#0"},
				"south": {"uv": [1.5, 1.5, 1.5, 2.25], "texture": "#0"},
				"west": {"uv": [0.75, 1.5, 1.25, 2.25], "texture": "#0"},
				"up": {"uv": [0.75, 1.5, 0.75, 0.75], "texture": "#0"},
				"down": {"uv": [0.75, 0.75, 0.75, 1.5], "texture": "#0"}
			}
		},
		{
			"name": "Stock",
			"from": [7.251, 6, 4.5],
			"to": [8.741, 7.5, 11.5],
			"rotation": {"angle": 0, "axis": "x", "origin": [8, 7.5, 11.5]},
			"faces": {
				"north": {"uv": [3.75, 1.5, 4.125, 1.75], "texture": "#0"},
				"east": {"uv": [2.25, 1.75, 4, 2.125], "texture": "#0"},
				"south": {"uv": [2.25, 2.875, 2.625, 3.25], "texture": "#0"},
				"west": {"uv": [4.25, 1.75, 6, 2.125], "texture": "#0"},
				"up": {"uv": [0, 0, 0, 0], "texture": "#0"},
				"down": {"uv": [4.5, 0, 4.125, 1.75], "texture": "#0"}
			}
		},
		{
			"name": "Stock",
			"from": [7.25, 6.5, 3.5],
			"to": [8.75, 7.5, 4.5],
			"rotation": {"angle": 0, "axis": "x", "origin": [8, 7.5, 11.5]},
			"faces": {
				"north": {"uv": [0.75, 2.75, 1.125, 3], "texture": "#0"},
				"east": {"uv": [0, 3, 0.25, 3.25], "texture": "#0"},
				"south": {"uv": [0.75, 3, 1, 3.25], "texture": "#0"},
				"west": {"uv": [0.5, 3, 0.75, 3.25], "texture": "#0"},
				"up": {"uv": [0.5, 3, 0.25, 2.75], "texture": "#0"},
				"down": {"uv": [1.5, 2.75, 1.125, 3], "texture": "#0"}
			}
		},
		{
			"name": "Barrel",
			"from": [7, 7.5, -11.5],
			"to": [9, 8.5, 13.5],
			"rotation": {"angle": 0, "axis": "x", "origin": [8, 7.5, 11.5]},
			"faces": {
				"north": {"uv": [6.25, 6.25, 6.75, 6.5], "texture": "#0"},
				"east": {"uv": [0, 6.25, 6.25, 6.5], "texture": "#0"},
				"south": {"uv": [13, 6.25, 13.5, 6.5], "texture": "#0"},
				"west": {"uv": [6.75, 6.25, 13, 6.5], "texture": "#0"},
				"up": {"uv": [6.75, 6.25, 6.25, 0], "texture": "#0"},
				"down": {"uv": [7.25, 0, 6.75, 6.25], "texture": "#0"}
			}
		},
		{
			"name": "Sight",
			"from": [8, 8.5, -10.5],
			"to": [8, 9.5, -9.5],
			"rotation": {"angle": 0, "axis": "x", "origin": [8, 7.5, 11.5]},
			"faces": {
				"north": {"uv": [0.75, 0.5, 0.75, 0.75], "texture": "#0"},
				"east": {"uv": [0.5, 0.5, 0.75, 0.75], "texture": "#0"},
				"south": {"uv": [1, 0.5, 1, 0.75], "texture": "#0"},
				"west": {"uv": [0.75, 0.5, 1, 0.75], "texture": "#0"},
				"up": {"uv": [0.75, 0.5, 0.75, 0.25], "texture": "#0"},
				"down": {"uv": [0.75, 0.25, 0.75, 0.5], "texture": "#0"}
			}
		},
		{
			"name": "Barrel",
			"from": [6.75, 7.75, -11.51],
			"to": [8.75, 8.75, -11.51],
			"rotation": {"angle": 0, "axis": "x", "origin": [8, 7.5, 11.5]},
			"faces": {
				"north": {"uv": [4, 4.75, 4.5, 5], "texture": "#0"},
				"east": {"uv": [0, 0, 0, 0], "texture": "#0"},
				"south": {"uv": [4, 5, 4.5, 5.25], "texture": "#0"},
				"west": {"uv": [0, 0, 0, 0], "texture": "#0"},
				"up": {"uv": [0, 0, 0, 0], "texture": "#0"},
				"down": {"uv": [0, 0, 0, 0], "texture": "#0"}
			}
		},
		{
			"name": "Stock",
			"from": [8.001, 6, 11.5],
			"to": [8.001, 7.5, 13.5],
			"rotation": {"angle": 0, "axis": "x", "origin": [8, 7.5, 11.5]},
			"faces": {
				"north": {"uv": [0, 0, 0, 0], "texture": "#0"},
				"east": {"uv": [5, 1.375, 5.5, 1.75], "texture": "#0"},
				"south": {"uv": [0, 0, 0, 0], "texture": "#0"},
				"west": {"uv": [4.5, 1.375, 5, 1.75], "texture": "#0"},
				"up": {"uv": [0, 0, 0, 0], "texture": "#0"},
				"down": {"uv": [0, 0, 0, 0], "texture": "#0"}
			}
		},
		{
			"name": "Receiver",
			"from": [7, 7.5, 13.5],
			"to": [9, 8.5, 14.5],
			"rotation": {"angle": 0, "axis": "y", "origin": [8, 8, 1]},
			"faces": {
				"north": {"uv": [0.25, 0.25, 0.75, 0.5], "texture": "#0"},
				"east": {"uv": [0, 0.25, 0.25, 0.5], "texture": "#0"},
				"south": {"uv": [1, 0.25, 1.5, 0.5], "texture": "#0"},
				"west": {"uv": [0.75, 0.25, 1, 0.5], "texture": "#0"},
				"up": {"uv": [0.75, 0.25, 0.25, 0], "texture": "#0"},
				"down": {"uv": [1.25, 0, 0.75, 0.25], "texture": "#0"}
			}
		},
		{
			"name": "Receiver",
			"from": [7.25, 6, 11.5],
			"to": [8.75, 7.5, 14.5],
			"rotation": {"angle": 0, "axis": "y", "origin": [8, 7, 7.5]},
			"faces": {
				"north": {"uv": [5.5, 5.5, 5.875, 5.875], "texture": "#0"},
				"east": {"uv": [4, 5.5, 4.75, 5.875], "texture": "#0"},
				"south": {"uv": [5.875, 5.5, 6.25, 5.875], "texture": "#0"},
				"west": {"uv": [4.75, 5.5, 5.5, 5.875], "texture": "#0"},
				"up": {"uv": [5, 5.5, 4.625, 4.75], "texture": "#0"},
				"down": {"uv": [5.375, 4.75, 5, 5.5], "texture": "#0"}
			}
		},
		{
			"name": "Trigger Guard",
			"from": [8, 4, 12.75],
			"to": [8, 6, 15.75],
			"rotation": {"angle": 0, "axis": "x", "origin": [8, 5, 14]},
			"faces": {
				"north": {"uv": [0.75, 2.25, 0.75, 2.75], "texture": "#0"},
				"east": {"uv": [0, 2.25, 0.75, 2.75], "texture": "#0"},
				"south": {"uv": [1.5, 2.25, 1.5, 2.75], "texture": "#0"},
				"west": {"uv": [0.75, 2.25, 1.5, 2.75], "texture": "#0"},
				"up": {"uv": [0.75, 2.25, 0.75, 1.5], "texture": "#0"},
				"down": {"uv": [0.75, 1.5, 0.75, 2.25], "texture": "#0"}
			}
		},
		{
			"name": "Trigger",
			"from": [7.999, 5.125, 13.75],
			"to": [7.999, 6.125, 14.75],
			"rotation": {"angle": 0, "axis": "x", "origin": [7.999, 6, 14.25]},
			"faces": {
				"north": {"uv": [0.25, 0.5, 0.25, 0.75], "texture": "#0"},
				"east": {"uv": [0, 0.5, 0.25, 0.75], "texture": "#0"},
				"south": {"uv": [0.5, 0.5, 0.5, 0.75], "texture": "#0"},
				"west": {"uv": [0.25, 0.5, 0.5, 0.75], "texture": "#0"},
				"up": {"uv": [0.25, 0.5, 0.25, 0.25], "texture": "#0"},
				"down": {"uv": [0.25, 0.25, 0.25, 0.5], "texture": "#0"}
			}
		},
		{
			"name": "Barrel",
			"from": [7.25, 7.75, 13.51],
			"to": [9.25, 8.75, 13.51],
			"rotation": {"angle": 0, "axis": "x", "origin": [8, 7.5, 11.5]},
			"faces": {
				"north": {"uv": [0, 0, 0, 0], "texture": "#0"},
				"east": {"uv": [0, 0, 0, 0], "texture": "#0"},
				"south": {"uv": [4, 4.75, 4.5, 5], "texture": "#0"},
				"west": {"uv": [0, 0, 0, 0], "texture": "#0"},
				"up": {"uv": [0, 0, 0, 0], "texture": "#0"},
				"down": {"uv": [0, 0, 0, 0], "texture": "#0"}
			}
		}
	],
	"display": {
		"thirdperson_righthand": {
			"rotation": [67, 0, 0],
			"translation": [0, 8.75, -0.75]
		},
		"thirdperson_lefthand": {
			"rotation": [67, 0, 0],
			"translation": [0, 8.75, -0.75]
		},
		"firstperson_righthand": {
			"translation": [1, 5, -4.75]
		},
		"firstperson_lefthand": {
			"translation": [1, 5, -4.75]
		},
		"ground": {
			"rotation": [0, 0, 90],
			"translation": [-0.75, -2.75, 0]
		},
		"gui": {
			"rotation": [61, -49, 31],
			"translation": [-1, 1, 0],
			"scale": [0.57, 0.57, 0.57]
		},
		"fixed": {
			"rotation": [0, 90, 0],
			"translation": [-1, 2.5, -1.75],
			"scale": [2, 2, 2]
		}
	},
	"groups": [
		{
			"name": "Stock",
			"origin": [0, 0, 0],
			"children": [0, 1, 2, 3, 4]
		},
		{
			"name": "Hammer",
			"origin": [0, 0, 0],
			"children": [5, 6]
		},
		{
			"name": "Barrel",
			"origin": [0, 0, 0],
			"children": [7, 8, 9, 10, 11, 12]
		},
		{
			"name": "group",
			"origin": [8, 0, 11.25],
			"children": [13, 14, 15, 16]
		}, 17]
}